{
	"einthoven_ii": {
		"sitting": [
			[
				99.28571428571429,
				139,
				1,
				1
			],
			[
				97.81420765027322,
				179,
				6,
				4
			],
			[
				97.31543624161074,
				145,
				6,
				4
			],
			[
				100.0,
				150,
				0,
				0
			],
			[
				96.62162162162163,
				143,
				7,
				5
			],
			[
				98.82352941176471,
				168,
				4,
				2
			],
			[
				96.81528662420382,
				152,
				4,
				5
			],
			[
				97.54601226993866,
				159,
				6,
				4
			],
			[
				98.68421052631578,
				150,
				1,
				2
			],
			[
				92.61363636363636,
				163,
				5,
				13
			],
			[
				98.0392156862745,
				150,
				7,
				3
			],
			[
				99.15966386554622,
				118,
				19,
				1
			],
			[
				96.23430962343096,
				230,
				6,
				9
			],
			[
				96.40718562874252,
				161,
				10,
				6
			],
			[
				99.3006993006993,
				142,
				1,
				1
			],
			[
				96.875,
				155,
				7,
				5
			],
			[
				99.29078014184397,
				140,
				2,
				1
			],
			[
				99.28057553956835,
				138,
				2,
				1
			],
			[
				93.7007874015748,
				119,
				5,
				8
			],
			[
				96.66666666666667,
				145,
				8,
				5
			],
			[
				98.24561403508771,
				168,
				4,
				3
			],
			[
				99.3006993006993,
				142,
				4,
				1
			],
			[
				100.0,
				186,
				0,
				0
			],
			[
				98.65771812080537,
				147,
				6,
				2
			],
			[
				97.05882352941177,
				132,
				7,
				4
			]
		],
		"maths": [
			[
				96.5034965034965,
				138,
				9,
				5
			],
			[
				98.72881355932203,
				233,
				3,
				3
			],
			[
				98.78048780487805,
				162,
				4,
				2
			],
			[
				91.48936170212765,
				172,
				18,
				16
			],
			[
				98.95833333333334,
				190,
				3,
				2
			],
			[
				96.07843137254902,
				147,
				9,
				6
			],
			[
				98.9247311827957,
				184,
				5,
				2
			],
			[
				99.35483870967742,
				154,
				1,
				1
			],
			[
				93.8388625592417,
				198,
				5,
				13
			],
			[
				100.0,
				153,
				2,
				0
			],
			[
				100.0,
				134,
				1,
				0
			],
			[
				94.32624113475178,
				266,
				14,
				16
			],
			[
				97.6878612716763,
				169,
				6,
				4
			],
			[
				99.32885906040269,
				148,
				0,
				1
			],
			[
				98.93048128342245,
				185,
				4,
				2
			],
			[
				98.58156028368793,
				139,
				1,
				2
			],
			[
				97.97297297297297,
				145,
				4,
				3
			],
			[
				96.66666666666667,
				145,
				7,
				5
			],
			[
				85.96491228070175,
				147,
				30,
				24
			],
			[
				98.9247311827957,
				184,
				3,
				2
			],
			[
				99.31506849315068,
				145,
				3,
				1
			],
			[
				98.42105263157895,
				187,
				3,
				3
			],
			[
				95.83333333333334,
				184,
				11,
				8
			],
			[
				95.0,
				133,
				8,
				7
			]
		],
		"walking": [
			[
				94.54545454545455,
				156,
				18,
				9
			],
			[
				99.51923076923077,
				207,
				2,
				1
			],
			[
				97.14285714285714,
				170,
				7,
				5
			],
			[
				64.53488372093024,
				111,
				96,
				61
			],
			[
				97.22222222222221,
				175,
				11,
				5
			],
			[
				98.20359281437125,
				164,
				3,
				3
			],
			[
				98.33333333333333,
				177,
				7,
				3
			],
			[
				100.0,
				190,
				0,
				0
			],
			[
				88.40579710144928,
				183,
				18,
				24
			],
			[
				95.45454545454545,
				168,
				17,
				8
			],
			[
				85.51724137931035,
				124,
				69,
				21
			],
			[
				92.64705882352942,
				252,
				19,
				20
			],
			[
				98.28571428571429,
				172,
				3,
				3
			],
			[
				97.5,
				156,
				4,
				4
			],
			[
				98.48484848484848,
				195,
				5,
				3
			],
			[
				92.54658385093167,
				149,
				17,
				12
			],
			[
				92.26190476190477,
				155,
				14,
				13
			],
			[
				94.24460431654677,
				131,
				6,
				8
			],
			[
				92.65536723163842,
				164,
				15,
				13
			],
			[
				88.02083333333334,
				169,
				24,
				23
			],
			[
				96.7741935483871,
				150,
				9,
				5
			],
			[
				95.36082474226805,
				185,
				13,
				9
			],
			[
				71.85929648241206,
				143,
				64,
				56
			],
			[
				95.36423841059603,
				144,
				9,
				7
			]
		],
		"hand_bike": [
			[
				86.93181818181817,
				153,
				34,
				23
			],
			[
				100.0,
				196,
				2,
				0
			],
			[
				86.20689655172413,
				200,
				40,
				32
			],
			[
				98.80239520958084,
				165,
				3,
				2
			],
			[
				85.1063829787234,
				160,
				41,
				28
			],
			[
				97.92746113989638,
				189,
				12,
				4
			],
			[
				98.7012987012987,
				152,
				5,
				2
			],
			[
				100.0,
				178,
				0,
				0
			],
			[
				99.49238578680203,
				196,
				4,
				1
			],
			[
				95.88235294117648,
				163,
				12,
				7
			],
			[
				99.28571428571429,
				139,
				6,
				1
			],
			[
				73.33333333333333,
				187,
				73,
				68
			],
			[
				96.44970414201184,
				163,
				7,
				6
			],
			[
				98.10126582278481,
				155,
				5,
				3
			],
			[
				98.95833333333334,
				190,
				4,
				2
			],
			[
				99.29577464788733,
				141,
				4,
				1
			],
			[
				95.39473684210526,
				145,
				8,
				7
			],
			[
				97.61904761904762,
				123,
				7,
				3
			],
			[
				98.125,
				157,
				6,
				3
			],
			[
				98.34254143646409,
				178,
				4,
				3
			],
			[
				97.36842105263158,
				148,
				12,
				4
			],
			[
				95.8974358974359,
				187,
				10,
				8
			],
			[
				93.36734693877551,
				183,
				23,
				13
			],
			[
				97.98657718120806,
				146,
				5,
				3
			]
		],
		"jogging": [
			[
				84.58498023715416,
				214,
				49,
				39
			],
			[
				83.13253012048193,
				207,
				47,
				42
			],
			[
				66.66666666666666,
				176,
				101,
				88
			],
			[
				95.72368421052632,
				291,
				15,
				13
			],
			[
				92.50814332247556,
				284,
				20,
				23
			],
			[
				93.58490566037736,
				248,
				16,
				17
			],
			[
				72.12389380530973,
				163,
				77,
				63
			],
			[
				97.47474747474747,
				193,
				8,
				5
			],
			[
				82.39700374531836,
				220,
				50,
				47
			]
		]
	},
	"chest_strap_V2_V1": {
		"sitting": [
			[
				99.28571428571429,
				139,
				4,
				1
			],
			[
				98.36065573770492,
				180,
				3,
				3
			],
			[
				99.32432432432432,
				147,
				1,
				1
			],
			[
				99.33333333333333,
				149,
				3,
				1
			],
			[
				99.32432432432432,
				147,
				3,
				1
			],
			[
				99.41176470588235,
				169,
				2,
				1
			],
			[
				98.72611464968153,
				155,
				2,
				2
			],
			[
				98.78048780487805,
				162,
				4,
				2
			],
			[
				100.0,
				151,
				138,
				0
			],
			[
				100.0,
				177,
				1,
				0
			],
			[
				98.69281045751634,
				151,
				1,
				2
			],
			[
				97.47899159663865,
				116,
				8,
				3
			],
			[
				99.581589958159,
				238,
				0,
				1
			],
			[
				99.40476190476191,
				167,
				6,
				1
			],
			[
				97.2027972027972,
				139,
				6,
				4
			],
			[
				99.37106918238993,
				158,
				3,
				1
			],
			[
				100.0,
				141,
				1,
				0
			],
			[
				100.0,
				139,
				1,
				0
			],
			[
				100.0,
				127,
				1,
				0
			],
			[
				98.66666666666667,
				148,
				3,
				2
			],
			[
				100.0,
				171,
				1,
				0
			],
			[
				100.0,
				143,
				2,
				0
			],
			[
				99.46524064171123,
				186,
				0,
				1
			],
			[
				99.32885906040269,
				148,
				4,
				1
			],
			[
				96.29629629629629,
				130,
				6,
				5
			]
		],