{
	"einthoven_ii": {
		"sitting": [
			[
				99.28571428571429,
				139,
				1,
				1
			],
			[
				100.0,
				183,
				0,
				0
			],
			[
				99.32885906040269,
				148,
				0,
				1
			],
			[
				99.33333333333333,
				149,
				0,
				1
			],
			[
				99.32432432432432,
				147,
				2,
				1
			],
			[
				100.0,
				170,
				1,
				0
			],
			[
				100.0,
				157,
				1,
				0
			],
			[
				99.38650306748467,
				162,
				1,
				1
			],
			[
				99.3421052631579,
				151,
				0,
				1
			],
			[
				99.43181818181817,
				175,
				1,
				1
			],
			[
				99.34640522875817,
				152,
				0,
				1
			],
			[
				100.0,
				119,
				0,
				0
			],
			[
				99.581589958159,
				238,
				0,
				1
			],
			[
				100.0,
				167,
				0,
				0
			],
			[
				99.3006993006993,
				142,
				1,
				1
			],
			[
				99.375,
				159,
				0,
				1
			],
			[
				100.0,
				141,
				1,
				0
			],
			[
				100.0,
				139,
				1,
				0
			],
			[
				100.0,
				127,
				0,
				0
			],
			[
				100.0,
				150,
				2,
				0
			],
			[
				100.0,
				171,
				1,
				0
			],
			[
				99.3006993006993,
				142,
				0,
				1
			],
			[
				100.0,
				186,
				0,
				0
			],
			[
				99.32885906040269,
				148,
				0,
				1
			],
			[
				44.11764705882353,
				60,
				131,
				76
			]
		],
		"maths": [
			[
				99.3006993006993,
				142,
				1,
				1
			],
			[
				100.0,
				236,
				1,
				0
			],
			[
				100.0,
				164,
				1,
				0
			],
			[
				99.46808510638297,
				187,
				0,
				1
			],
			[
				100.0,
				192,
				1,
				0
			],
			[
				100.0,
				153,
				0,
				0
			],
			[
				99.46236559139786,
				185,
				0,
				1
			],
			[
				100.0,
				155,
				0,
				0
			],
			[
				99.52606635071089,
				210,
				0,
				1
			],
			[
				100.0,
				153,
				0,
				0
			],
			[
				100.0,
				134,
				1,
				0
			],
			[
				99.29078014184397,
				280,
				1,
				2
			],
			[
				99.42196531791907,
				172,
				0,
				1
			],
			[
				99.32885906040269,
				148,
				0,
				1
			],
			[
				100.0,
				187,
				1,
				0
			],
			[
				100.0,
				141,
				0,
				0
			],
			[
				99.32432432432432,
				147,
				1,
				1
			],
			[
				100.0,
				150,
				0,
				0
			],
			[
				100.0,
				171,
				3,
				0
			],
			[
				99.46236559139786,
				185,
				0,
				1
			],
			[
				100.0,
				146,
				0,
				0
			],
			[
				99.47368421052632,
				189,
				0,
				1
			],
			[
				99.47916666666666,
				191,
				1,
				1
			],
			[
				100.0,
				140,
				1,
				0
			]
		],
		"walking": [
			[
				100.0,
				165,
				1,
				0
			],
			[
				99.51923076923077,
				207,
				2,
				1
			],
			[
				99.42857142857143,
				174,
				1,
				1
			],
			[
				48.837209302325576,
				84,
				105,
				88
			],
			[
				100.0,
				180,
				1,
				0
			],
			[
				99.40119760479041,
				166,
				0,
				1
			],
			[
				99.44444444444444,
				179,
				1,
				1
			],
			[
				100.0,
				190,
				0,
				0
			],
			[
				99.51690821256038,
				206,
				2,
				1
			],
			[
				97.72727272727273,
				172,
				12,
				4
			],
			[
				89.65517241379311,
				130,
				41,
				15
			],
			[
				99.63235294117648,
				271,
				0,
				1
			],
			[
				99.42857142857143,
				174,
				0,
				1
			],
			[
				100.0,
				160,
				0,
				0
			],
			[
				100.0,
				198,
				1,
				0
			],
			[
				99.37888198757764,
				160,
				2,
				1
			],
			[
				100.0,
				168,
				1,
				0
			],
			[
				100.0,
				139,
				1,
				0
			],
			[
				98.30508474576271,
				174,
				7,
				3
			],
			[
				96.875,
				186,
				11,
				6
			],
			[
				98.06451612903226,
				152,
				3,
				3
			],
			[
				99.48453608247422,
				193,
				1,
				1
			],
			[
				75.37688442211056,
				150,
				169,
				49
			],
			[
				99.33774834437085,
				150,
				1,
				1
			]
		],
		"hand_bike": [
			[
				98.86363636363636,
				174,
				2,
				2
			],
			[
				99.48979591836735,
				195,
				1,
				1
			],
			[
				99.56896551724138,
				231,
				3,
				1
			],
			[
				100.0,
				167,
				0,
				0
			],
			[
				96.27659574468085,
				181,
				17,
				7
			],
			[
				86.52849740932642,
				167,
				145,
				26
			],
			[
				100.0,
				154,
				0,
				0
			],
			[
				100.0,
				178,
				0,
				0
			],
			[
				99.49238578680203,
				196,
				2,
				1
			],
			[
				99.41176470588235,
				169,
				4,
				1
			],
			[
				100.0,
				140,
				0,
				0
			],
			[
				92.94117647058823,
				237,
				43,
				18
			],
			[
				99.40828402366864,
				168,
				2,
				1
			],
			[
				100.0,
				158,
				1,
				0
			],
			[
				100.0,
				192,
				0,
				0
			],
			[
				99.29577464788733,
				141,
				1,
				1
			],
			[
				100.0,
				152,
				2,
				0
			],
			[
				100.0,
				126,
				1,
				0
			],
			[
				100.0,
				160,
				1,
				0
			],
			[
				99.4475138121547,
				180,
				0,
				1
			],
			[
				62.5,
				95,
				171,
				57
			],
			[
				98.46153846153847,
				192,
				4,
				3
			],
			[
				100.0,
				196,
				8,
				0
			],
			[
				100.0,
				149,
				2,
				0
			]
		],
		"jogging": [
			[
				94.0711462450593,
				238,
				13,
				15
			],
			[
				99.59839357429718,
				248,
				2,
				1
			],
			[
				77.27272727272727,
				204,
				66,
				60
			],
			[
				95.39473684210526,
				290,
				14,
				14
			],
			[
				97.71986970684038,
				300,
				9,
				7
			],
			[
				100.0,
				265,
				0,
				0
			],
			[
				97.78761061946902,
				221,
				5,
				5
			],
			[
				100.0,
				198,
				1,
				0
			],
			[
				92.50936329588015,
				247,
				20,
				20
			]
		]
	},
	"chest_strap_V2_V1": {
		"sitting": [
			[
				100.0,
				140,
				0,
				0
			],
			[
				100.0,
				183,
				119,
				0
			],
			[
				99.32432432432432,
				147,
				1,
				1
			],
			[
				100.0,
				150,
				0,
				0
			],
			[
				100.0,
				148,
				1,
				0
			],
			[
				99.41176470588235,
				169,
				1,
				1
			],
			[
				100.0,
				157,
				0,
				0
			],
			[
				100.0,
				164,
				0,
				0
			],
			[
				100.0,
				151,
				0,
				0
			],
			[
				99.43502824858757,
				176,
				0,
				1
			],
			[
				100.0,
				153,
				1,
				0
			],
			[
				100.0,
				119,
				120,
				0
			],
			[
				100.0,
				239,
				0,
				0
			],
			[
				100.0,
				168,
				0,
				0
			],
			[
				96.5034965034965,
				138,
				139,
				5
			],
			[
				100.0,
				159,
				0,
				0
			],
			[
				100.0,
				141,
				1,
				0
			],
			[
				100.0,
				139,
				0,
				0
			],
			[
				99.21259842519686,
				126,
				1,
				1
			],
			[
				100.0,
				150,
				1,
				0
			],
			[
				100.0,
				171,
				0,
				0
			],
			[
				99.3006993006993,
				142,
				0,
				1
			],
			[
				99.46524064171123,
				186,
				0,
				1
			],
			[
				99.32885906040269,
				148,
				1,
				1
			],
			[
				99.25925925925925,
				134,
				3,
				1
			]
		],
		"maths": [
			[
				99.30555555555556,
				143,
				0,
				1
			],
			[
				100.0,
				235,
				227,
				0
			],
			[
				99.39024390243902,
				163,
				0,
				1
			],
			[
				100.0,
				187,
				0,
				0
			],
			[
				100.0,
				152,
				1,
				0
			],
			[
				99.48186528497409,
				192,
				0,
				1
			],
			[
				98.0392156862745,
				150,
				2,
				3
			],
			[
				100.0,
				185,
				0,
				0
			],
			[
				100.0,
				156,
				0,
				0
			],
			[
				100.0,
				210,
				0,
				0
			],
			[
				100.0,
				153,
				1,
				0
			],
			[
				100.0,
				135,
				134,
				0
			],
			[
				99.64539007092199,
				281,
				0,
				1
			],
			[
				100.0,
				173,
				1,
				0
			],
			[
				100.0,
				148,
				1,
				0
			],
			[
				100.0,
				187,
				0,
				0
			],
			[
				100.0,
				140,
				0,
				0
			],
			[
				100.0,
				148,
				0,
				0
			],
			[
				100.0,
				152,
				1,
				0
			],
			[
				99.4186046511628,
				171,
				0,
				1
			],
			[
				99.46236559139786,
				185,
				6,
				1
			],
			[
				100.0,
				145,
				0,
				0
			],
			[
				100.0,
				189,
				0,
				0
			],
			[
				100.0,
				191,
				0,
				0
			],
			[
				97.85714285714285,
				137,
				8,
				3
			]
		],