{
	"einthoven_ii": {
		"sitting": [
			[
				99.28571428571429,
				139,
				1,
				1
			],
			[
				100.0,
				183,
				0,
				0
			],
			[
				99.32885906040269,
				148,
				2,
				1
			],
			[
				99.33333333333333,
				149,
				0,
				1
			],
			[
				98.64864864864865,
				146,
				4,
				2
			],
			[
				99.41176470588235,
				169,
				1,
				1
			],
			[
				99.36305732484077,
				156,
				1,
				1
			],
			[
				100.0,
				163,
				1,
				0
			],
			[
				98.68421052631578,
				150,
				2,
				2
			],
			[
				99.43181818181817,
				175,
				1,
				1
			],
			[
				98.0392156862745,
				150,
				3,
				3
			],
			[
				99.15966386554622,
				118,
				2,
				1
			],
			[
				99.581589958159,
				238,
				1,
				1
			],
			[
				100.0,
				167,
				0,
				0
			],
			[
				99.3006993006993,
				142,
				1,
				1
			],
			[
				98.75,
				158,
				2,
				2
			],
			[
				99.29078014184397,
				140,
				1,
				1
			],
			[
				100.0,
				139,
				1,
				0
			],
			[
				100.0,
				127,
				0,
				0
			],
			[
				100.0,
				150,
				1,
				0
			],
			[
				100.0,
				171,
				1,
				0
			],
			[
				99.3006993006993,
				142,
				2,
				1
			],
			[
				100.0,
				186,
				0,
				0
			],
			[
				98.65771812080537,
				147,
				1,
				2
			],
			[
				98.52941176470588,
				134,
				2,
				2
			]
		],
		"maths": [
			[
				100.0,
				143,
				1,
				0
			],
			[
				99.57627118644068,
				235,
				0,
				1
			],
			[
				100.0,
				164,
				1,
				0
			],
			[
				99.46808510638297,
				187,
				1,
				1
			],
			[
				99.47916666666666,
				191,
				1,
				1
			],
			[
				100.0,
				153,
				4,
				0
			],
			[
				99.46236559139786,
				185,
				1,
				1
			],
			[
				100.0,
				155,
				0,
				0
			],
			[
				99.52606635071089,
				210,
				1,
				1
			],
			[
				98.69281045751634,
				151,
				3,
				2
			],
			[
				100.0,
				134,
				1,
				0
			],
			[
				98.93617021276596,
				279,
				1,
				3
			],
			[
				99.42196531791907,
				172,
				0,
				1
			],
			[
				98.65771812080537,
				147,
				2,
				2
			],
			[
				100.0,
				187,
				1,
				0
			],
			[
				98.58156028368793,
				139,
				1,
				2
			],
			[
				99.32432432432432,
				147,
				1,
				1
			],
			[
				100.0,
				150,
				1,
				0
			],
			[
				99.41520467836257,
				170,
				1,
				1
			],
			[
				99.46236559139786,
				185,
				0,
				1
			],
			[
				100.0,
				146,
				0,
				0
			],
			[
				99.47368421052632,
				189,
				0,
				1
			],
			[
				99.47916666666666,
				191,
				1,
				1
			],
			[
				97.14285714285714,
				136,
				4,
				4
			]
		],
		"walking": [
			[
				98.7878787878788,
				163,
				2,
				2
			],
			[
				99.51923076923077,
				207,
				1,
				1
			],
			[
				99.42857142857143,
				174,
				1,
				1
			],
			[
				99.4186046511628,
				171,
				2,
				1
			],
			[
				99.44444444444444,
				179,
				1,
				1
			],
			[
				99.40119760479041,
				166,
				1,
				1
			],
			[
				100.0,
				180,
				1,
				0
			],
			[
				100.0,
				190,
				0,
				0
			],
			[
				100.0,
				207,
				1,
				0
			],
			[
				99.43181818181817,
				175,
				3,
				1
			],
			[
				99.3103448275862,
				144,
				2,
				1
			],
			[
				99.26470588235294,
				270,
				1,
				2
			],
			[
				99.42857142857143,
				174,
				0,
				1
			],
			[
				100.0,
				160,
				0,
				0
			],
			[
				99.4949494949495,
				197,
				2,
				1
			],
			[
				98.75776397515527,
				159,
				2,
				2
			],
			[
				99.40476190476191,
				167,
				1,
				1
			],
			[
				96.40287769784173,
				134,
				7,
				5
			],
			[
				100.0,
				177,
				0,
				0
			],
			[
				98.4375,
				189,
				5,
				3
			],
			[
				98.06451612903226,
				152,
				2,
				3
			],
			[
				99.48453608247422,
				193,
				1,
				1
			],
			[
				98.49246231155779,
				196,
				6,
				3
			],
			[
				99.33774834437085,
				150,
				1,
				1
			]
		],
		"hand_bike": [
			[
				89.20454545454545,
				157,
				32,
				19
			],
			[
				98.9795918367347,
				194,
				3,
				2
			],
			[
				99.56896551724138,
				231,
				2,
				1
			],
			[
				100.0,
				167,
				0,
				0
			],
			[
				94.14893617021278,
				177,
				26,
				11
			],
			[
				97.40932642487047,
				188,
				5,
				5
			],
			[
				100.0,
				154,
				0,
				0
			],
			[
				100.0,
				178,
				0,
				0
			],
			[
				100.0,
				197,
				1,
				0
			],
			[
				98.82352941176471,
				168,
				2,
				2
			],
			[
				100.0,
				140,
				1,
				0
			],
			[
				96.07843137254902,
				245,
				11,
				10
			],
			[
				100.0,
				169,
				1,
				0
			],
			[
				100.0,
				158,
				0,
				0
			],
			[
				99.47916666666666,
				191,
				1,
				1
			],
			[
				99.29577464788733,
				141,
				1,
				1
			],
			[
				99.3421052631579,
				151,
				3,
				1
			],
			[
				99.20634920634922,
				125,
				2,
				1
			],
			[
				100.0,
				160,
				1,
				0
			],
			[
				98.89502762430939,
				179,
				2,
				2
			],
			[
				98.02631578947368,
				149,
				5,
				3
			],
			[
				100.0,
				195,
				0,
				0
			],
			[
				97.44897959183673,
				191,
				9,
				5
			],
			[
				100.0,
				149,
				2,
				0
			]
		],
		"jogging": [
			[
				96.04743083003953,
				243,
				10,
				10
			],
			[
				99.19678714859438,
				247,
				2,
				2
			],
			[
				94.6969696969697,
				250,
				19,
				14
			],
			[
				100.0,
				304,
				0,
				0
			],
			[
				99.6742671009772,
				306,
				2,
				1
			],
			[
				100.0,
				265,
				0,
				0
			],
			[
				99.5575221238938,
				225,
				1,
				1
			],
			[
				100.0,
				198,
				1,
				0
			],
			[
				98.12734082397003,
				262,
				9,
				5
			]
		]
	},
	"chest_strap_V2_V1": {
		"sitting": [
			[
				100.0,
				140,
				1,
				0
			],
			[
				100.0,
				183,
				0,
				0
			],
			[
				100.0,
				148,
				0,
				0
			],
			[
				100.0,
				150,
				1,
				0
			],
			[
				99.32432432432432,
				147,
				1,
				1
			],
			[
				100.0,
				170,
				1,
				0
			],
			[
				99.36305732484077,
				156,
				1,
				1
			],
			[
				100.0,
				164,
				0,
				0
			],
			[
				100.0,
				151,
				0,
				0
			],
			[
				99.43502824858757,
				176,
				1,
				1
			],
			[
				99.34640522875817,
				152,
				1,
				1
			],
			[
				100.0,
				119,
				1,
				0
			],
			[
				99.581589958159,
				238,
				0,
				1
			],
			[
				99.40476190476191,
				167,
				1,
				1
			],
			[
				98.6013986013986,
				141,
				2,
				2
			],
			[
				100.0,
				159,
				1,
				0
			],
			[
				99.29078014184397,
				140,
				2,
				1
			],
			[
				99.28057553956835,
				138,
				2,
				1
			],
			[
				99.21259842519686,
				126,
				1,
				1
			],
			[
				99.33333333333333,
				149,
				2,
				1
			],
			[
				100.0,
				171,
				1,
				0
			],
			[
				100.0,
				143,
				0,
				0
			],
			[
				98.93048128342245,
				185,
				2,
				2
			],
			[
				100.0,
				149,
				0,
				0
			],
			[
				100.0,
				135,
				1,
				0
			]
		],