{
	"einthoven_ii": {
		"sitting": [
			[
				97.14285714285714,
				136,
				5,
				4
			],
			[
				100.0,
				183,
				0,
				0
			],
			[
				98.65771812080537,
				147,
				3,
				2
			],
			[
				96.66666666666667,
				145,
				4,
				5
			],
			[
				2.7027027027027026,
				4,
				152,
				144
			],
			[
				70.0,
				119,
				54,
				51
			],
			[
				100.0,
				157,
				0,
				0
			],
			[
				100.0,
				163,
				1,
				0
			],
			[
				98.02631578947368,
				149,
				5,
				3
			],
			[
				100.0,
				176,
				0,
				0
			],
			[
				99.34640522875817,
				152,
				1,
				1
			],
			[
				99.15966386554622,
				118,
				3,
				1
			],
			[
				98.74476987447699,
				236,
				2,
				3
			],
			[
				100.0,
				167,
				0,
				0
			],
			[
				100.0,
				143,
				1,
				0
			],
			[
				99.375,
				159,
				1,
				1
			],
			[
				100.0,
				141,
				1,
				0
			],
			[
				100.0,
				139,
				1,
				0
			],
			[
				100.0,
				127,
				0,
				0
			],
			[
				100.0,
				150,
				1,
				0
			],
			[
				0.5847953216374269,
				1,
				171,
				170
			],
			[
				0.6993006993006993,
				1,
				155,
				142
			],
			[
				100.0,
				186,
				0,
				0
			],
			[
				95.30201342281879,
				142,
				11,
				7
			],
			[
				1.4705882352941175,
				2,
				137,
				134
			]
		],
		"maths": [
			[
				94.4055944055944,
				135,
				16,
				8
			],
			[
				99.57627118644068,
				235,
				0,
				1
			],
			[
				98.17073170731707,
				161,
				5,
				3
			],
			[
				99.46808510638297,
				187,
				1,
				1
			],
			[
				93.75,
				180,
				13,
				12
			],
			[
				98.69281045751634,
				151,
				4,
				2
			],
			[
				99.46236559139786,
				185,
				1,
				1
			],
			[
				100.0,
				155,
				0,
				0
			],
			[
				99.52606635071089,
				210,
				1,
				1
			],
			[
				100.0,
				153,
				0,
				0
			],
			[
				99.25373134328358,
				133,
				2,
				1
			],
			[
				99.29078014184397,
				280,
				1,
				2
			],
			[
				100.0,
				173,
				0,
				0
			],
			[
				99.32885906040269,
				148,
				1,
				1
			],
			[
				100.0,
				187,
				1,
				0
			],
			[
				97.87234042553192,
				138,
				3,
				3
			],
			[
				72.97297297297297,
				108,
				45,
				40
			],
			[
				100.0,
				150,
				1,
				0
			],
			[
				3.508771929824561,
				6,
				174,
				165
			],
			[
				100.0,
				186,
				0,
				0
			],
			[
				99.31506849315068,
				145,
				0,
				1
			],
			[
				99.47368421052632,
				189,
				1,
				1
			],
			[
				97.91666666666666,
				188,
				3,
				4
			],
			[
				4.285714285714286,
				6,
				162,
				134
			]
		],
		"walking": [
			[
				88.48484848484848,
				146,
				47,
				19
			],
			[
				99.51923076923077,
				207,
				2,
				1
			],
			[
				99.42857142857143,
				174,
				3,
				1
			],
			[
				99.4186046511628,
				171,
				1,
				1
			],
			[
				97.77777777777777,
				176,
				6,
				4
			],
			[
				97.60479041916167,
				163,
				5,
				4
			],
			[
				86.66666666666667,
				156,
				50,
				24
			],
			[
				100.0,
				190,
				0,
				0
			],
			[
				74.8792270531401,
				155,
				98,
				52
			],
			[
				98.86363636363636,
				174,
				7,
				2
			],
			[
				24.137931034482758,
				35,
				218,
				110
			],
			[
				99.63235294117648,
				271,
				0,
				1
			],
			[
				99.42857142857143,
				174,
				1,
				1
			],
			[
				98.75,
				158,
				6,
				2
			],
			[
				98.98989898989899,
				196,
				5,
				2
			],
			[
				92.54658385093167,
				149,
				25,
				12
			],
			[
				97.02380952380952,
				163,
				10,
				5
			],
			[
				94.96402877697841,
				132,
				19,
				7
			],
			[
				28.8135593220339,
				51,
				284,
				126
			],
			[
				96.875,
				186,
				9,
				6
			],
			[
				98.70967741935483,
				153,
				2,
				2
			],
			[
				99.48453608247422,
				193,
				1,
				1
			],
			[
				88.44221105527639,
				176,
				31,
				23
			],
			[
				99.33774834437085,
				150,
				1,
				1
			]
		],
		"hand_bike": [
			[
				80.11363636363636,
				141,
				49,
				35
			],
			[
				99.48979591836735,
				195,
				2,
				1
			],
			[
				47.8448275862069,
				111,
				165,
				121
			],
			[
				100.0,
				167,
				0,
				0
			],
			[
				89.36170212765957,
				168,
				37,
				20
			],
			[
				85.49222797927462,
				165,
				38,
				28
			],
			[
				100.0,
				154,
				0,
				0
			],
			[
				100.0,
				178,
				0,
				0
			],
			[
				100.0,
				197,
				1,
				0
			],
			[
				98.23529411764706,
				167,
				4,
				3
			],
			[
				100.0,
				140,
				2,
				0
			],
			[
				93.33333333333333,
				238,
				16,
				17
			],
			[
				100.0,
				169,
				1,
				0
			],
			[
				100.0,
				158,
				0,
				0
			],
			[
				96.35416666666666,
				185,
				8,
				7
			],
			[
				99.29577464788733,
				141,
				4,
				1
			],
			[
				99.3421052631579,
				151,
				3,
				1
			],
			[
				100.0,
				126,
				1,
				0
			],
			[
				5.625,
				9,
				170,
				151
			],
			[
				98.34254143646409,
				178,
				5,
				3
			],
			[
				90.78947368421053,
				138,
				26,
				14
			],
			[
				100.0,
				195,
				0,
				0
			],
			[
				97.44897959183673,
				191,
				12,
				5
			],
			[
				98.65771812080537,
				147,
				4,
				2
			]
		],
		"jogging": [
			[
				83.399209486166,
				211,
				60,
				42
			],
			[
				97.99196787148594,
				244,
				6,
				5
			],
			[
				83.71212121212122,
				221,
				47,
				43
			],
			[
				99.01315789473685,
				301,
				4,
				3
			],
			[
				100.0,
				307,
				1,
				0
			],
			[
				99.62264150943396,
				264,
				1,
				1
			],
			[
				99.11504424778761,
				224,
				4,
				2
			],
			[
				90.40404040404042,
				179,
				38,
				19
			],
			[
				92.88389513108615,
				248,
				22,
				19
			]
		]
	},
	"chest_strap_V2_V1": {
		"sitting": [
			[
				98.57142857142858,
				138,
				3,
				2
			],
			[
				99.4535519125683,
				182,
				0,
				1
			],
			[
				97.2972972972973,
				144,
				4,
				4
			],
			[
				99.33333333333333,
				149,
				1,
				1
			],
			[
				69.5945945945946,
				103,
				46,
				45
			],
			[
				84.70588235294117,
				144,
				27,
				26
			],
			[
				99.36305732484077,
				156,
				1,
				1
			],
			[
				100.0,
				164,
				0,
				0
			],
			[
				100.0,
				151,
				0,
				0
			],
			[
				98.30508474576271,
				174,
				2,
				3
			],
			[
				98.0392156862745,
				150,
				2,
				3
			],
			[
				100.0,
				119,
				13,
				0
			],
			[
				99.581589958159,
				238,
				0,
				1
			],
			[
				95.83333333333334,
				161,
				10,
				7
			],
			[
				99.3006993006993,
				142,
				1,
				1
			],
			[
				99.37106918238993,
				158,
				2,
				1
			],
			[
				100.0,
				141,
				1,
				0
			],
			[
				86.33093525179856,
				120,
				20,
				19
			],
			[
				99.21259842519686,
				126,
				3,
				1
			],
			[
				100.0,
				150,
				1,
				0
			],
			[
				95.32163742690058,
				163,
				8,
				8
			],
			[
				100.0,
				143,
				0,
				0
			],
			[
				96.79144385026738,
				181,
				5,
				6
			],
			[
				100.0,
				149,
				0,
				0
			],
			[
				0.0,
				0,
				135,
				135
			]
		],