{
	"einthoven_ii": {
		"sitting": [
			[
				99.28571428571429,
				139,
				0,
				1
			],
			[
				98.90710382513662,
				181,
				0,
				2
			],
			[
				98.65771812080537,
				147,
				0,
				2
			],
			[
				99.33333333333333,
				149,
				0,
				1
			],
			[
				98.64864864864865,
				146,
				2,
				2
			],
			[
				99.41176470588235,
				169,
				0,
				1
			],
			[
				99.36305732484077,
				156,
				0,
				1
			],
			[
				100.0,
				163,
				0,
				0
			],
			[
				98.68421052631578,
				150,
				0,
				2
			],
			[
				99.43181818181817,
				175,
				0,
				1
			],
			[
				99.34640522875817,
				152,
				0,
				1
			],
			[
				100.0,
				119,
				0,
				0
			],
			[
				99.581589958159,
				238,
				0,
				1
			],
			[
				99.40119760479041,
				166,
				0,
				1
			],
			[
				99.3006993006993,
				142,
				0,
				1
			],
			[
				98.75,
				158,
				0,
				2
			],
			[
				99.29078014184397,
				140,
				1,
				1
			],
			[
				100.0,
				139,
				0,
				0
			],
			[
				99.21259842519686,
				126,
				0,
				1
			],
			[
				100.0,
				150,
				0,
				0
			],
			[
				100.0,
				171,
				0,
				0
			],
			[
				99.3006993006993,
				142,
				0,
				1
			],
			[
				100.0,
				186,
				0,
				0
			],
			[
				99.32885906040269,
				148,
				0,
				1
			],
			[
				99.26470588235294,
				135,
				0,
				1
			]
		],
		"maths": [
			[
				95.1048951048951,
				136,
				7,
				7
			],
			[
				98.72881355932203,
				233,
				1,
				3
			],
			[
				100.0,
				164,
				0,
				0
			],
			[
				99.46808510638297,
				187,
				0,
				1
			],
			[
				99.47916666666666,
				191,
				1,
				1
			],
			[
				95.42483660130719,
				146,
				8,
				7
			],
			[
				99.46236559139786,
				185,
				0,
				1
			],
			[
				99.35483870967742,
				154,
				0,
				1
			],
			[
				99.52606635071089,
				210,
				0,
				1
			],
			[
				99.34640522875817,
				152,
				0,
				1
			],
			[
				100.0,
				134,
				0,
				0
			],
			[
				98.58156028368793,
				278,
				1,
				4
			],
			[
				98.84393063583815,
				171,
				0,
				2
			],
			[
				100.0,
				149,
				0,
				0
			],
			[
				100.0,
				187,
				1,
				0
			],
			[
				97.16312056737588,
				137,
				4,
				4
			],
			[
				100.0,
				148,
				0,
				0
			],
			[
				99.33333333333333,
				149,
				1,
				1
			],
			[
				100.0,
				171,
				0,
				0
			],
			[
				99.46236559139786,
				185,
				0,
				1
			],
			[
				98.63013698630137,
				144,
				0,
				2
			],
			[
				99.47368421052632,
				189,
				0,
				1
			],
			[
				98.95833333333334,
				190,
				0,
				2
			],
			[
				98.57142857142858,
				138,
				0,
				2
			]
		],
		"walking": [
			[
				98.7878787878788,
				163,
				2,
				2
			],
			[
				100.0,
				208,
				0,
				0
			],
			[
				99.42857142857143,
				174,
				0,
				1
			],
			[
				98.25581395348837,
				169,
				1,
				3
			],
			[
				99.44444444444444,
				179,
				0,
				1
			],
			[
				99.40119760479041,
				166,
				0,
				1
			],
			[
				99.44444444444444,
				179,
				0,
				1
			],
			[
				99.47368421052632,
				189,
				0,
				1
			],
			[
				99.51690821256038,
				206,
				0,
				1
			],
			[
				97.72727272727273,
				172,
				5,
				4
			],
			[
				95.86206896551724,
				139,
				10,
				6
			],
			[
				99.26470588235294,
				270,
				0,
				2
			],
			[
				99.42857142857143,
				174,
				0,
				1
			],
			[
				100.0,
				160,
				0,
				0
			],
			[
				100.0,
				198,
				0,
				0
			],
			[
				97.51552795031056,
				157,
				4,
				4
			],
			[
				99.40476190476191,
				167,
				0,
				1
			],
			[
				100.0,
				139,
				0,
				0
			],
			[
				99.43502824858757,
				176,
				0,
				1
			],
			[
				96.875,
				186,
				6,
				6
			],
			[
				98.70967741935483,
				153,
				0,
				2
			],
			[
				99.48453608247422,
				193,
				0,
				1
			],
			[
				95.97989949748744,
				191,
				9,
				8
			],
			[
				99.33774834437085,
				150,
				0,
				1
			]
		],
		"hand_bike": [
			[
				96.02272727272727,
				169,
				7,
				7
			],
			[
				99.48979591836735,
				195,
				1,
				1
			],
			[
				96.55172413793103,
				224,
				5,
				8
			],
			[
				98.80239520958084,
				165,
				0,
				2
			],
			[
				94.14893617021278,
				177,
				14,
				11
			],
			[
				97.40932642487047,
				188,
				5,
				5
			],
			[
				98.7012987012987,
				152,
				1,
				2
			],
			[
				99.43820224719101,
				177,
				0,
				1
			],
			[
				99.49238578680203,
				196,
				0,
				1
			],
			[
				98.23529411764706,
				167,
				2,
				3
			],
			[
				98.57142857142858,
				138,
				1,
				2
			],
			[
				94.50980392156862,
				241,
				9,
				14
			],
			[
				100.0,
				169,
				1,
				0
			],
			[
				99.36708860759494,
				157,
				2,
				1
			],
			[
				100.0,
				192,
				1,
				0
			],
			[
				97.88732394366197,
				139,
				3,
				3
			],
			[
				100.0,
				152,
				0,
				0
			],
			[
				99.20634920634922,
				125,
				5,
				1
			],
			[
				100.0,
				160,
				0,
				0
			],
			[
				99.4475138121547,
				180,
				0,
				1
			],
			[
				99.3421052631579,
				151,
				8,
				1
			],
			[
				98.46153846153847,
				192,
				2,
				3
			],
			[
				98.46938775510205,
				193,
				4,
				3
			],
			[
				100.0,
				149,
				0,
				0
			]
		],
		"jogging": [
			[
				94.0711462450593,
				238,
				7,
				15
			],
			[
				99.19678714859438,
				247,
				0,
				2
			],
			[
				82.1969696969697,
				217,
				16,
				47
			],
			[
				82.89473684210526,
				252,
				0,
				52
			],
			[
				94.46254071661238,
				290,
				4,
				17
			],
			[
				99.62264150943396,
				264,
				0,
				1
			],
			[
				98.23008849557522,
				222,
				3,
				4
			],
			[
				100.0,
				198,
				0,
				0
			],
			[
				94.7565543071161,
				253,
				7,
				14
			]
		]
	},
	"chest_strap_V2_V1": {
		"sitting": [
			[
				99.28571428571429,
				139,
				0,
				1
			],
			[
				98.90710382513662,
				181,
				0,
				2
			],
			[
				100.0,
				148,
				0,
				0
			],
			[
				100.0,
				150,
				0,
				0
			],
			[
				99.32432432432432,
				147,
				0,
				1
			],
			[
				99.41176470588235,
				169,
				0,
				1
			],
			[
				99.36305732484077,
				156,
				0,
				1
			],
			[
				98.78048780487805,
				162,
				0,
				2
			],
			[
				100.0,
				151,
				0,
				0
			],
			[
				99.43502824858757,
				176,
				0,
				1
			],
			[
				99.34640522875817,
				152,
				0,
				1
			],
			[
				99.15966386554622,
				118,
				0,
				1
			],
			[
				99.16317991631799,
				237,
				0,
				2
			],
			[
				100.0,
				168,
				1,
				0
			],
			[
				99.3006993006993,
				142,
				0,
				1
			],
			[
				100.0,
				159,
				0,
				0
			],
			[
				100.0,
				141,
				0,
				0
			],
			[
				100.0,
				139,
				0,
				0
			],
			[
				100.0,
				127,
				0,
				0
			],
			[
				100.0,
				150,
				0,
				0
			],
			[
				100.0,
				171,
				0,
				0
			],
			[
				99.3006993006993,
				142,
				0,
				1
			],
			[
				99.46524064171123,
				186,
				0,
				1
			],
			[
				99.32885906040269,
				148,
				2,
				1
			],
			[
				100.0,
				135,
				0,
				0
			]
		],