{
	"einthoven_ii": {
		"sitting": [
			[
				97.85714285714285,
				137,
				3,
				3
			],
			[
				100.0,
				183,
				0,
				0
			],
			[
				99.32885906040269,
				148,
				2,
				1
			],
			[
				100.0,
				150,
				0,
				0
			],
			[
				98.64864864864865,
				146,
				3,
				2
			],
			[
				99.41176470588235,
				169,
				1,
				1
			],
			[
				99.36305732484077,
				156,
				1,
				1
			],
			[
				95.0920245398773,
				155,
				9,
				8
			],
			[
				98.68421052631578,
				150,
				2,
				2
			],
			[
				97.72727272727273,
				172,
				4,
				4
			],
			[
				99.34640522875817,
				152,
				2,
				1
			],
			[
				99.15966386554622,
				118,
				2,
				1
			],
			[
				99.581589958159,
				238,
				1,
				1
			],
			[
				100.0,
				167,
				0,
				0
			],
			[
				99.3006993006993,
				142,
				1,
				1
			],
			[
				98.75,
				158,
				2,
				2
			],
			[
				99.29078014184397,
				140,
				1,
				1
			],
			[
				100.0,
				139,
				1,
				0
			],
			[
				92.1259842519685,
				117,
				10,
				10
			],
			[
				100.0,
				150,
				1,
				0
			],
			[
				100.0,
				171,
				1,
				0
			],
			[
				99.3006993006993,
				142,
				2,
				1
			],
			[
				100.0,
				186,
				0,
				0
			],
			[
				100.0,
				149,
				0,
				0
			],
			[
				99.26470588235294,
				135,
				1,
				1
			]
		],
		"maths": [
			[
				99.3006993006993,
				142,
				2,
				1
			],
			[
				99.57627118644068,
				235,
				0,
				1
			],
			[
				100.0,
				164,
				1,
				0
			],
			[
				99.46808510638297,
				187,
				1,
				1
			],
			[
				99.47916666666666,
				191,
				2,
				1
			],
			[
				100.0,
				153,
				2,
				0
			],
			[
				98.38709677419355,
				183,
				3,
				3
			],
			[
				100.0,
				155,
				0,
				0
			],
			[
				99.52606635071089,
				210,
				1,
				1
			],
			[
				98.69281045751634,
				151,
				2,
				2
			],
			[
				100.0,
				134,
				1,
				0
			],
			[
				99.29078014184397,
				280,
				2,
				2
			],
			[
				100.0,
				173,
				0,
				0
			],
			[
				98.65771812080537,
				147,
				2,
				2
			],
			[
				100.0,
				187,
				1,
				0
			],
			[
				98.58156028368793,
				139,
				1,
				2
			],
			[
				100.0,
				148,
				1,
				0
			],
			[
				98.0,
				147,
				4,
				3
			],
			[
				99.41520467836257,
				170,
				1,
				1
			],
			[
				100.0,
				186,
				0,
				0
			],
			[
				99.31506849315068,
				145,
				1,
				1
			],
			[
				100.0,
				190,
				0,
				0
			],
			[
				98.4375,
				189,
				2,
				3
			],
			[
				99.28571428571429,
				139,
				1,
				1
			]
		],
		"walking": [
			[
				93.93939393939394,
				155,
				26,
				10
			],
			[
				98.5576923076923,
				205,
				4,
				3
			],
			[
				98.85714285714286,
				173,
				3,
				2
			],
			[
				6.395348837209303,
				11,
				163,
				161
			],
			[
				97.22222222222221,
				175,
				5,
				5
			],
			[
				98.20359281437125,
				164,
				2,
				3
			],
			[
				97.77777777777777,
				176,
				7,
				4
			],
			[
				100.0,
				190,
				0,
				0
			],
			[
				61.35265700483091,
				127,
				154,
				80
			],
			[
				98.86363636363636,
				174,
				7,
				2
			],
			[
				22.06896551724138,
				32,
				261,
				113
			],
			[
				99.63235294117648,
				271,
				1,
				1
			],
			[
				98.85714285714286,
				173,
				1,
				2
			],
			[
				99.375,
				159,
				2,
				1
			],
			[
				99.4949494949495,
				197,
				2,
				1
			],
			[
				98.13664596273291,
				158,
				4,
				3
			],
			[
				98.80952380952381,
				166,
				6,
				2
			],
			[
				98.56115107913669,
				137,
				7,
				2
			],
			[
				38.4180790960452,
				68,
				239,
				109
			],
			[
				91.14583333333334,
				175,
				27,
				17
			],
			[
				96.12903225806451,
				149,
				6,
				6
			],
			[
				98.96907216494846,
				192,
				4,
				2
			],
			[
				94.47236180904522,
				188,
				15,
				11
			],
			[
				99.33774834437085,
				150,
				2,
				1
			]
		],
		"hand_bike": [
			[
				92.61363636363636,
				163,
				17,
				13
			],
			[
				98.9795918367347,
				194,
				3,
				2
			],
			[
				78.44827586206897,
				182,
				81,
				50
			],
			[
				100.0,
				167,
				0,
				0
			],
			[
				90.42553191489363,
				170,
				40,
				18
			],
			[
				97.40932642487047,
				188,
				7,
				5
			],
			[
				97.40259740259741,
				150,
				4,
				4
			],
			[
				100.0,
				178,
				0,
				0
			],
			[
				100.0,
				197,
				1,
				0
			],
			[
				97.6470588235294,
				166,
				6,
				4
			],
			[
				99.28571428571429,
				139,
				6,
				1
			],
			[
				95.29411764705881,
				243,
				13,
				12
			],
			[
				100.0,
				169,
				1,
				0
			],
			[
				100.0,
				158,
				0,
				0
			],
			[
				99.47916666666666,
				191,
				1,
				1
			],
			[
				99.29577464788733,
				141,
				1,
				1
			],
			[
				100.0,
				152,
				2,
				0
			],
			[
				98.4126984126984,
				124,
				3,
				2
			],
			[
				100.0,
				160,
				1,
				0
			],
			[
				99.4475138121547,
				180,
				2,
				1
			],
			[
				96.71052631578947,
				147,
				8,
				5
			],
			[
				100.0,
				195,
				0,
				0
			],
			[
				96.93877551020408,
				190,
				14,
				6
			],
			[
				100.0,
				149,
				2,
				0
			]
		],
		"jogging": [
			[
				94.46640316205533,
				239,
				20,
				14
			],
			[
				99.59839357429718,
				248,
				2,
				1
			],
			[
				87.12121212121212,
				230,
				42,
				34
			],
			[
				100.0,
				304,
				0,
				0
			],
			[
				99.6742671009772,
				306,
				2,
				1
			],
			[
				100.0,
				265,
				0,
				0
			],
			[
				97.78761061946902,
				221,
				7,
				5
			],
			[
				100.0,
				198,
				1,
				0
			],
			[
				94.7565543071161,
				253,
				17,
				14
			]
		]
	},
	"chest_strap_V2_V1": {
		"sitting": [
			[
				100.0,
				140,
				1,
				0
			],
			[
				100.0,
				183,
				0,
				0
			],
			[
				99.32432432432432,
				147,
				1,
				1
			],
			[
				100.0,
				150,
				1,
				0
			],
			[
				100.0,
				148,
				1,
				0
			],
			[
				100.0,
				170,
				1,
				0
			],
			[
				98.72611464968153,
				155,
				2,
				2
			],
			[
				99.39024390243902,
				163,
				0,
				1
			],
			[
				100.0,
				151,
				0,
				0
			],
			[
				99.43502824858757,
				176,
				1,
				1
			],
			[
				95.42483660130719,
				146,
				6,
				7
			],
			[
				100.0,
				119,
				67,
				0
			],
			[
				99.581589958159,
				238,
				0,
				1
			],
			[
				99.40476190476191,
				167,
				1,
				1
			],
			[
				98.6013986013986,
				141,
				2,
				2
			],
			[
				100.0,
				159,
				1,
				0
			],
			[
				100.0,
				141,
				1,
				0
			],
			[
				99.28057553956835,
				138,
				2,
				1
			],
			[
				100.0,
				127,
				1,
				0
			],
			[
				99.33333333333333,
				149,
				2,
				1
			],
			[
				100.0,
				171,
				1,
				0
			],
			[
				100.0,
				143,
				0,
				0
			],
			[
				98.93048128342245,
				185,
				2,
				2
			],
			[
				99.32885906040269,
				148,
				1,
				1
			],
			[
				100.0,
				135,
				1,
				0
			]
		],