{
	"einthoven_ii": {
		"sitting": [
			[
				99.28571428571429,
				139,
				0,
				1
			],
			[
				98.90710382513662,
				181,
				0,
				2
			],
			[
				98.65771812080537,
				147,
				0,
				2
			],
			[
				99.33333333333333,
				149,
				0,
				1
			],
			[
				89.1891891891892,
				132,
				4,
				16
			],
			[
				99.41176470588235,
				169,
				0,
				1
			],
			[
				99.36305732484077,
				156,
				0,
				1
			],
			[
				100.0,
				163,
				0,
				0
			],
			[
				98.68421052631578,
				150,
				0,
				2
			],
			[
				99.43181818181817,
				175,
				0,
				1
			],
			[
				99.34640522875817,
				152,
				0,
				1
			],
			[
				100.0,
				119,
				0,
				0
			],
			[
				91.21338912133892,
				218,
				0,
				21
			],
			[
				98.80239520958084,
				165,
				0,
				2
			],
			[
				99.3006993006993,
				142,
				0,
				1
			],
			[
				98.75,
				158,
				0,
				2
			],
			[
				99.29078014184397,
				140,
				0,
				1
			],
			[
				100.0,
				139,
				0,
				0
			],
			[
				98.4251968503937,
				125,
				0,
				2
			],
			[
				99.33333333333333,
				149,
				0,
				1
			],
			[
				98.83040935672514,
				169,
				0,
				2
			],
			[
				96.5034965034965,
				138,
				0,
				5
			],
			[
				99.46236559139786,
				185,
				0,
				1
			],
			[
				93.95973154362416,
				140,
				0,
				9
			],
			[
				98.52941176470588,
				134,
				0,
				2
			]
		],
		"maths": [
			[
				97.9020979020979,
				140,
				0,
				3
			],
			[
				99.15254237288136,
				234,
				0,
				2
			],
			[
				99.39024390243902,
				163,
				0,
				1
			],
			[
				99.46808510638297,
				187,
				0,
				1
			],
			[
				100.0,
				192,
				0,
				0
			],
			[
				99.34640522875817,
				152,
				0,
				1
			],
			[
				99.46236559139786,
				185,
				0,
				1
			],
			[
				96.7741935483871,
				150,
				0,
				5
			],
			[
				99.0521327014218,
				209,
				0,
				2
			],
			[
				98.0392156862745,
				150,
				0,
				3
			],
			[
				99.25373134328358,
				133,
				0,
				1
			],
			[
				71.98581560283688,
				203,
				2,
				79
			],
			[
				99.42196531791907,
				172,
				0,
				1
			],
			[
				97.98657718120806,
				146,
				0,
				3
			],
			[
				99.46524064171123,
				186,
				1,
				1
			],
			[
				98.58156028368793,
				139,
				0,
				2
			],
			[
				99.32432432432432,
				147,
				0,
				1
			],
			[
				99.33333333333333,
				149,
				0,
				1
			],
			[
				99.41520467836257,
				170,
				1,
				1
			],
			[
				99.46236559139786,
				185,
				0,
				1
			],
			[
				97.26027397260275,
				142,
				0,
				4
			],
			[
				96.84210526315789,
				184,
				0,
				6
			],
			[
				47.91666666666667,
				92,
				0,
				100
			],
			[
				99.28571428571429,
				139,
				0,
				1
			]
		],
		"walking": [
			[
				98.7878787878788,
				163,
				1,
				2
			],
			[
				99.03846153846155,
				206,
				0,
				2
			],
			[
				99.42857142857143,
				174,
				0,
				1
			],
			[
				54.06976744186046,
				93,
				4,
				79
			],
			[
				98.88888888888889,
				178,
				0,
				2
			],
			[
				98.80239520958084,
				165,
				0,
				2
			],
			[
				98.88888888888889,
				178,
				0,
				2
			],
			[
				87.36842105263159,
				166,
				0,
				24
			],
			[
				99.03381642512076,
				205,
				0,
				2
			],
			[
				99.43181818181817,
				175,
				0,
				1
			],
			[
				89.65517241379311,
				130,
				61,
				15
			],
			[
				70.22058823529412,
				191,
				0,
				81
			],
			[
				98.85714285714286,
				173,
				1,
				2
			],
			[
				98.75,
				158,
				0,
				2
			],
			[
				98.98989898989899,
				196,
				0,
				2
			],
			[
				99.37888198757764,
				160,
				0,
				1
			],
			[
				99.40476190476191,
				167,
				0,
				1
			],
			[
				98.56115107913669,
				137,
				0,
				2
			],
			[
				99.43502824858757,
				176,
				0,
				1
			],
			[
				96.875,
				186,
				4,
				6
			],
			[
				95.48387096774194,
				148,
				0,
				7
			],
			[
				90.72164948453609,
				176,
				0,
				18
			],
			[
				33.165829145728644,
				66,
				21,
				133
			],
			[
				99.33774834437085,
				150,
				0,
				1
			]
		],
		"hand_bike": [
			[
				84.0909090909091,
				148,
				39,
				28
			],
			[
				98.9795918367347,
				194,
				1,
				2
			],
			[
				91.8103448275862,
				213,
				9,
				19
			],
			[
				98.80239520958084,
				165,
				0,
				2
			],
			[
				86.17021276595744,
				162,
				41,
				26
			],
			[
				88.60103626943005,
				171,
				39,
				22
			],
			[
				98.7012987012987,
				152,
				0,
				2
			],
			[
				88.20224719101124,
				157,
				0,
				21
			],
			[
				98.98477157360406,
				195,
				0,
				2
			],
			[
				98.23529411764706,
				167,
				0,
				3
			],
			[
				99.28571428571429,
				139,
				0,
				1
			],
			[
				66.27450980392156,
				169,
				48,
				86
			],
			[
				99.40828402366864,
				168,
				0,
				1
			],
			[
				98.73417721518987,
				156,
				0,
				2
			],
			[
				99.47916666666666,
				191,
				0,
				1
			],
			[
				100.0,
				142,
				0,
				0
			],
			[
				100.0,
				152,
				1,
				0
			],
			[
				99.20634920634922,
				125,
				0,
				1
			],
			[
				99.375,
				159,
				1,
				1
			],
			[
				99.4475138121547,
				180,
				1,
				1
			],
			[
				97.36842105263158,
				148,
				1,
				4
			],
			[
				91.7948717948718,
				179,
				0,
				16
			],
			[
				61.73469387755102,
				121,
				13,
				75
			],
			[
				99.32885906040269,
				148,
				0,
				1
			]
		],
		"jogging": [
			[
				85.7707509881423,
				217,
				31,
				36
			],
			[
				98.39357429718876,
				245,
				1,
				4
			],
			[
				71.96969696969697,
				190,
				60,
				74
			],
			[
				51.973684210526315,
				158,
				0,
				146
			],
			[
				69.05537459283387,
				212,
				10,
				95
			],
			[
				99.62264150943396,
				264,
				0,
				1
			],
			[
				91.5929203539823,
				207,
				10,
				19
			],
			[
				99.4949494949495,
				197,
				0,
				1
			],
			[
				74.90636704119851,
				200,
				37,
				67
			]
		]
	},
	"chest_strap_V2_V1": {
		"sitting": [
			[
				98.57142857142858,
				138,
				0,
				2
			],
			[
				98.90710382513662,
				181,
				157,
				2
			],
			[
				99.32432432432432,
				147,
				0,
				1
			],
			[
				99.33333333333333,
				149,
				0,
				1
			],
			[
				99.32432432432432,
				147,
				0,
				1
			],
			[
				99.41176470588235,
				169,
				0,
				1
			],
			[
				98.72611464968153,
				155,
				0,
				2
			],
			[
				98.78048780487805,
				162,
				0,
				2
			],
			[
				99.33774834437085,
				150,
				0,
				1
			],
			[
				98.87005649717514,
				175,
				0,
				2
			],
			[
				98.0392156862745,
				150,
				0,
				3
			],
			[
				10.92436974789916,
				13,
				0,
				106
			],
			[
				41.84100418410041,
				100,
				0,
				139
			],
			[
				93.45238095238095,
				157,
				0,
				11
			],
			[
				98.6013986013986,
				141,
				0,
				2
			],
			[
				98.74213836477988,
				157,
				0,
				2
			],
			[
				1.4184397163120568,
				2,
				0,
				139
			],
			[
				90.64748201438849,
				126,
				0,
				13
			],
			[
				100.0,
				127,
				0,
				0
			],
			[
				99.33333333333333,
				149,
				0,
				1
			],
			[
				98.83040935672514,
				169,
				0,
				2
			],
			[
				4.895104895104895,
				7,
				0,
				136
			],
			[
				98.3957219251337,
				184,
				1,
				3
			],
			[
				99.32885906040269,
				148,
				0,
				1
			],
			[
				98.51851851851852,
				133,
				1,
				2
			]
		],