{
	"einthoven_ii": {
		"sitting": [
			[
				100.0,
				140,
				1,
				0
			],
			[
				99.4535519125683,
				182,
				1,
				1
			],
			[
				99.32885906040269,
				148,
				1,
				1
			],
			[
				99.33333333333333,
				149,
				1,
				1
			],
			[
				2.027027027027027,
				3,
				258,
				145
			],
			[
				98.82352941176471,
				168,
				3,
				2
			],
			[
				100.0,
				157,
				1,
				0
			],
			[
				98.15950920245399,
				160,
				4,
				3
			],
			[
				99.3421052631579,
				151,
				0,
				1
			],
			[
				97.1590909090909,
				171,
				6,
				5
			],
			[
				100.0,
				153,
				1,
				0
			],
			[
				100.0,
				119,
				4,
				0
			],
			[
				98.74476987447699,
				236,
				3,
				3
			],
			[
				99.40119760479041,
				166,
				1,
				1
			],
			[
				100.0,
				143,
				2,
				0
			],
			[
				99.375,
				159,
				3,
				1
			],
			[
				100.0,
				141,
				1,
				0
			],
			[
				99.28057553956835,
				138,
				2,
				1
			],
			[
				100.0,
				127,
				5,
				0
			],
			[
				7.333333333333333,
				11,
				141,
				139
			],
			[
				98.83040935672514,
				169,
				3,
				2
			],
			[
				97.2027972027972,
				139,
				7,
				4
			],
			[
				99.46236559139786,
				185,
				2,
				1
			],
			[
				100.0,
				149,
				3,
				0
			],
			[
				51.470588235294116,
				70,
				74,
				66
			]
		],
		"maths": [
			[
				90.9090909090909,
				130,
				34,
				13
			],
			[
				99.57627118644068,
				235,
				1,
				1
			],
			[
				99.39024390243902,
				163,
				2,
				1
			],
			[
				87.7659574468085,
				165,
				24,
				23
			],
			[
				98.95833333333334,
				190,
				4,
				2
			],
			[
				84.31372549019608,
				129,
				59,
				24
			],
			[
				86.02150537634408,
				160,
				40,
				26
			],
			[
				99.35483870967742,
				154,
				1,
				1
			],
			[
				79.14691943127961,
				167,
				44,
				44
			],
			[
				99.34640522875817,
				152,
				2,
				1
			],
			[
				99.25373134328358,
				133,
				5,
				1
			],
			[
				97.51773049645391,
				275,
				7,
				7
			],
			[
				99.42196531791907,
				172,
				1,
				1
			],
			[
				99.32885906040269,
				148,
				2,
				1
			],
			[
				97.32620320855615,
				182,
				10,
				5
			],
			[
				97.16312056737588,
				137,
				7,
				4
			],
			[
				100.0,
				148,
				1,
				0
			],
			[
				89.33333333333333,
				134,
				42,
				16
			],
			[
				42.10526315789473,
				72,
				107,
				99
			],
			[
				97.84946236559139,
				182,
				4,
				4
			],
			[
				97.26027397260275,
				142,
				5,
				4
			],
			[
				99.47368421052632,
				189,
				1,
				1
			],
			[
				92.1875,
				177,
				34,
				15
			],
			[
				0.7142857142857143,
				1,
				182,
				139
			]
		],
		"walking": [
			[
				1.8181818181818181,
				3,
				209,
				162
			],
			[
				77.88461538461539,
				162,
				51,
				46
			],
			[
				87.42857142857143,
				153,
				24,
				22
			],
			[
				8.13953488372093,
				14,
				269,
				158
			],
			[
				76.66666666666667,
				138,
				55,
				42
			],
			[
				100.0,
				167,
				0,
				0
			],
			[
				5.0,
				9,
				265,
				171
			],
			[
				94.21052631578948,
				179,
				11,
				11
			],
			[
				48.792270531400966,
				101,
				227,
				106
			],
			[
				75.0,
				132,
				100,
				44
			],
			[
				60.0,
				87,
				236,
				58
			],
			[
				96.32352941176471,
				262,
				10,
				10
			],
			[
				96.57142857142857,
				169,
				6,
				6
			],
			[
				71.875,
				115,
				101,
				45
			],
			[
				21.21212121212121,
				42,
				218,
				156
			],
			[
				61.49068322981367,
				99,
				116,
				62
			],
			[
				56.547619047619044,
				95,
				88,
				73
			],
			[
				25.899280575539567,
				36,
				173,
				103
			],
			[
				51.9774011299435,
				92,
				230,
				85
			],
			[
				36.97916666666667,
				71,
				216,
				121
			],
			[
				7.096774193548387,
				11,
				242,
				144
			],
			[
				25.773195876288657,
				50,
				234,
				144
			],
			[
				19.09547738693467,
				38,
				223,
				161
			],
			[
				7.28476821192053,
				11,
				258,
				140
			]
		],
		"hand_bike": [
			[
				16.477272727272727,
				29,
				195,
				147
			],
			[
				98.9795918367347,
				194,
				3,
				2
			],
			[
				47.8448275862069,
				111,
				206,
				121
			],
			[
				79.04191616766467,
				132,
				56,
				35
			],
			[
				20.212765957446805,
				38,
				214,
				150
			],
			[
				48.18652849740933,
				93,
				131,
				100
			],
			[
				96.75324675324676,
				149,
				5,
				5
			],
			[
				98.31460674157303,
				175,
				5,
				3
			],
			[
				73.60406091370558,
				145,
				54,
				52
			],
			[
				91.76470588235294,
				156,
				33,
				14
			],
			[
				87.14285714285714,
				122,
				55,
				18
			],
			[
				43.92156862745098,
				112,
				155,
				143
			],
			[
				92.89940828402366,
				157,
				16,
				12
			],
			[
				95.56962025316456,
				151,
				16,
				7
			],
			[
				82.8125,
				159,
				61,
				33
			],
			[
				97.88732394366197,
				139,
				7,
				3
			],
			[
				97.36842105263158,
				148,
				7,
				4
			],
			[
				78.57142857142857,
				99,
				72,
				27
			],
			[
				32.5,
				52,
				109,
				108
			],
			[
				81.21546961325967,
				147,
				34,
				34
			],
			[
				3.289473684210526,
				5,
				174,
				147
			],
			[
				55.8974358974359,
				109,
				108,
				86
			],
			[
				52.55102040816326,
				103,
				146,
				93
			],
			[
				66.44295302013423,
				99,
				68,
				50
			]
		],
		"jogging": [
			[
				30.434782608695656,
				77,
				216,
				176
			],
			[
				83.13253012048193,
				207,
				48,
				42
			],
			[
				36.74242424242424,
				97,
				202,
				167
			],
			[
				91.44736842105263,
				278,
				27,
				26
			],
			[
				97.39413680781759,
				299,
				9,
				8
			],
			[
				98.86792452830188,
				262,
				3,
				3
			],
			[
				41.5929203539823,
				94,
				206,
				132
			],
			[
				54.04040404040404,
				107,
				137,
				91
			],
			[
				51.68539325842697,
				138,
				156,
				129
			]
		]
	},
	"chest_strap_V2_V1": {
		"sitting": [
			[
				99.28571428571429,
				139,
				3,
				1
			],
			[
				98.90710382513662,
				181,
				4,
				2
			],
			[
				100.0,
				148,
				1,
				0
			],
			[
				100.0,
				150,
				1,
				0
			],
			[
				100.0,
				148,
				3,
				0
			],
			[
				99.41176470588235,
				169,
				2,
				1
			],
			[
				99.36305732484077,
				156,
				3,
				1
			],
			[
				99.39024390243902,
				163,
				1,
				1
			],
			[
				99.33774834437085,
				150,
				2,
				1
			],
			[
				100.0,
				177,
				0,
				0
			],
			[
				99.34640522875817,
				152,
				1,
				1
			],
			[
				99.15966386554622,
				118,
				3,
				1
			],
			[
				99.581589958159,
				238,
				1,
				1
			],
			[
				100.0,
				168,
				3,
				0
			],
			[
				100.0,
				143,
				0,
				0
			],
			[
				100.0,
				159,
				1,
				0
			],
			[
				100.0,
				141,
				2,
				0
			],
			[
				100.0,
				139,
				1,
				0
			],
			[
				100.0,
				127,
				115,
				0
			],
			[
				99.33333333333333,
				149,
				3,
				1
			],
			[
				100.0,
				171,
				1,
				0
			],
			[
				100.0,
				143,
				83,
				0
			],
			[
				99.46524064171123,
				186,
				2,
				1
			],
			[
				99.32885906040269,
				148,
				2,
				1
			],
			[
				98.51851851851852,
				133,
				6,
				2
			]
		],